id,first_name,last_name,email,gender,ip_address
1,Dionisio,Suscens,dsuscens0@fema.gov,Male,110.45.148.78
2,Si,Holdall,sholdall1@berkeley.edu,Male,143.25.5.34
3,Morry,Hendrix,mhendrix2@1688.com,Male,218.57.242.223
4,Lillian,Sahnow,lsahnow3@wikispaces.com,Female,204.58.112.187
5,Jourdain,Emlen,jemlen4@wsj.com,Male,55.127.60.206
6,Millicent,Burne,mburne5@home.pl,Female,101.193.150.251
7,Bartolemo,Shortell,bshortell6@sfgate.com,Male,126.36.37.122
8,Port,Varnals,pvarnals7@hhs.gov,Male,243.232.199.250
9,Neille,Eudall,neudall8@dion.ne.jp,Female,1.249.65.228
10,Thomasin,Poundesford,tpoundesford9@statcounter.com,Female,32.225.251.138
11,Michaelina,Kenneway,mkennewaya@apple.com,Female,201.26.242.102
12,Susann,Gaddas,sgaddasb@tinyurl.com,Female,2.86.26.181
13,Bengt,Tearle,btearlec@1688.com,Male,207.249.45.170
14,Taite,Wooderson,twoodersond@people.com.cn,Male,14.10.242.183
15,Arliene,Manley,amanleye@bizjournals.com,Female,90.239.222.83
16,Tess,Willoughley,twilloughleyf@washingtonpost.com,Female,251.155.105.39
17,Natka,Seabon,nseabong@homestead.com,Female,134.219.238.132
18,Aubert,Richardin,arichardinh@de.vu,Male,248.69.54.64
19,Petronilla,Baldwin,pbaldwini@oakley.com,Female,22.139.247.35
20,Darb,Grangier,dgrangierj@facebook.com,Female,191.43.219.167
21,Town,Hegdonne,thegdonnek@wikimedia.org,Male,166.190.211.10
22,Edithe,Conaghan,econaghanl@163.com,Female,114.40.175.199
23,Jess,Egdell,jegdellm@google.co.uk,Male,125.233.186.170
24,Denis,Umbert,dumbertn@amazonaws.com,Male,220.179.159.155
25,Drucie,Manville,dmanvilleo@privacy.gov.au,Female,248.156.110.8
26,Murial,Kynman,mkynmanp@t.co,Female,208.216.177.140
27,Andreas,Farnworth,afarnworthq@github.com,Male,26.97.242.144
28,Tucker,Elder,telderr@home.pl,Male,46.82.11.79
29,Egbert,Haitlie,ehaitlies@mysql.com,Male,157.209.24.170
30,Colver,Litt,clittt@state.gov,Male,217.157.197.214
31,Trumann,Courage,tcourageu@usatoday.com,Male,136.2.89.84
32,Matilda,Wainer,mwainerv@mysql.com,Female,219.53.57.253
33,Ferris,Guilaem,fguilaemw@unicef.org,Male,86.1.15.40
34,Ulrick,McWhannel,umcwhannelx@icio.us,Male,222.143.71.176
35,Dorelia,Gallienne,dgallienney@webeden.co.uk,Female,225.143.69.137
36,Ingrid,Pulbrook,ipulbrookz@linkedin.com,Female,236.57.245.164
37,Borden,Stollwerck,bstollwerck10@apache.org,Male,37.28.23.53
38,Christi,Corrie,ccorrie11@is.gd,Female,77.84.215.135
39,Caril,Cheales,ccheales12@ibm.com,Female,82.165.32.178
40,Charmain,Eles,celes13@lulu.com,Female,40.220.224.145
41,Jillane,Chevin,jchevin14@virginia.edu,Female,46.247.180.173
42,Ferris,Arnholdt,farnholdt15@merriam-webster.com,Male,175.131.89.21
43,Gay,Cleobury,gcleobury16@ucsd.edu,Female,190.236.133.41
44,Torrie,Godney,tgodney17@purevolume.com,Female,149.9.214.205
45,Cristabel,Rossborough,crossborough18@berkeley.edu,Female,46.122.226.234
46,Janina,Mecco,jmecco19@google.co.uk,Female,149.41.1.71
47,Savina,Hulatt,shulatt1a@forbes.com,Female,184.132.104.228
48,Tammie,Rosenfrucht,trosenfrucht1b@wp.com,Male,36.43.236.58
49,Marcile,Philott,mphilott1c@so-net.ne.jp,Female,193.96.89.112
50,Eran,Mountstephen,emountstephen1d@nifty.com,Female,234.113.135.53
51,Catlin,Budding,cbudding1e@springer.com,Female,221.118.216.65
52,Caroline,Marriott,cmarriott1f@pcworld.com,Female,128.206.188.218
53,Adair,Petzolt,apetzolt1g@timesonline.co.uk,Male,47.36.62.165
54,Kelsy,Grassot,kgrassot1h@yolasite.com,Female,114.215.141.63
55,Brittany,Garter,bgarter1i@pcworld.com,Female,255.25.160.204
56,Jess,Camoletto,jcamoletto1j@eventbrite.com,Female,114.156.80.34
57,Engelbert,Ganley,eganley1k@ebay.co.uk,Male,33.196.109.22
58,Danica,Thorwarth,dthorwarth1l@163.com,Female,230.16.35.38
59,Bail,Westphal,bwestphal1m@multiply.com,Male,14.7.205.48
